ID,Title,Image file,Image alt
7,Andy Harris,andy_harris.jpeg,andy
8,Anthony Brown,anthony_brown.jpeg,anthony
9,David Trone,david_trone.jpeg,David Trone
10,A. Dutch Ruppersberger,dutch.jpeg,A. Dutch Ruppersberger
11,John Sarbanes,john_sarbanes.jpeg,John Sarbanes
12,Jamie Raskin,jamie_raskin.jpeg,Jamie Raskin
13,Steny Hoyer,steny_hoyer.jpeg,Steny Hoyer